<?xml version="1.0" encoding="UTF-8"?>
<project-private xmlns="http://www.netbeans.org/ns/project-private/1">
    <editor-bookmarks xmlns="http://www.netbeans.org/ns/editor-bookmarks/2" lastBookmarkId="0"/>
    <open-files xmlns="http://www.netbeans.org/ns/projectui-open-files/2">
        <group>
            <file>file:/C:/xampp/htdocs/cs161/recruiter.php</file>
            <file>file:/C:/xampp/htdocs/cs161/login.php</file>
            <file>file:/C:/xampp/htdocs/cs161/index.php</file>
            <file>file:/C:/xampp/htdocs/cs161/register.php</file>
            <file>file:/C:/xampp/htdocs/cs161/candidateParser.php</file>
            <file>file:/C:/xampp/htdocs/cs161/candidate.php</file>
            <file>file:/C:/xampp/htdocs/cs161/templates.css</file>
            <file>file:/C:/xampp/htdocs/cs161/recruiterParser.php</file>
        </group>
    </open-files>
</project-private>
